{
  "adaptive_tau_g": {
    "default_tau_g": 0.1453727245330811,
    "rows": [
      {
        "gammex_across_promote_frac": 0.9379092702169626,
        "gammex_across_tpr_1e3": 0.18368479467258603,
        "multiplier": 0.9,
        "open_skull_tpr_1e4": 0.8688965782391388,
        "open_skull_tpr_1e4_promote_frac": 0.0,
        "shin_bg_clusters_1e3": 8.0,
        "shin_flow_hit_1e3": 0.0277368706406424,
        "shin_promote_frac": 0.05966386554621849,
        "structured_clutter_tpr_1e4": 0.9104190695886197,
        "structured_clutter_tpr_1e4_promote_frac": 0.0,
        "tau_g": 0.13083545207977298
      },
      {
        "gammex_across_promote_frac": 0.9139250493096647,
        "gammex_across_tpr_1e3": 0.14983351831298558,
        "multiplier": 1.0,
        "open_skull_tpr_1e4": 0.8688965782391388,
        "open_skull_tpr_1e4_promote_frac": 0.0,
        "shin_bg_clusters_1e3": 8.0,
        "shin_flow_hit_1e3": 0.0277368706406424,
        "shin_promote_frac": 0.03783128636069812,
        "structured_clutter_tpr_1e4": 0.9104190695886197,
        "structured_clutter_tpr_1e4_promote_frac": 0.0,
        "tau_g": 0.1453727245330811
      },
      {
        "gammex_across_promote_frac": 0.8735305719921105,
        "gammex_across_tpr_1e3": 0.15871254162042175,
        "multiplier": 1.1,
        "open_skull_tpr_1e4": 0.8688965782391388,
        "open_skull_tpr_1e4_promote_frac": 0.0,
        "shin_bg_clusters_1e3": 8.0,
        "shin_flow_hit_1e3": 0.0277368706406424,
        "shin_promote_frac": 0.021687136393018745,
        "structured_clutter_tpr_1e4": 0.9104190695886197,
        "structured_clutter_tpr_1e4_promote_frac": 0.0,
        "tau_g": 0.15990999698638922
      }
    ]
  },
  "ka_c_flow": {
    "default_c_flow": 0.2,
    "rows": [
      {
        "active_bundles": 50,
        "bg_tail_clusters_post_1e3": 927.0,
        "bg_tail_clusters_rel_default": 1.0,
        "bg_tail_rate_post_1e3": 0.0009551108211739059,
        "bg_tail_rate_rel_default": 1.0,
        "c_flow": 0.18000000000000002,
        "flow_hit_rate_post_1e3": 0.0008912506095817849,
        "inert_bundles": 0,
        "max_protected_abs_delta": 0.0,
        "median_p_shrink": 0.09713314122823324,
        "multiplier": 0.9
      },
      {
        "active_bundles": 50,
        "bg_tail_clusters_post_1e3": 927.0,
        "bg_tail_clusters_rel_default": 1.0,
        "bg_tail_rate_post_1e3": 0.0009551108211739059,
        "bg_tail_rate_rel_default": 1.0,
        "c_flow": 0.2,
        "flow_hit_rate_post_1e3": 0.0008912506095817849,
        "inert_bundles": 0,
        "max_protected_abs_delta": 0.0,
        "median_p_shrink": 0.09697120735423638,
        "multiplier": 1.0
      },
      {
        "active_bundles": 50,
        "bg_tail_clusters_post_1e3": 927.0,
        "bg_tail_clusters_rel_default": 1.0,
        "bg_tail_rate_post_1e3": 0.0009551108211739059,
        "bg_tail_rate_rel_default": 1.0,
        "c_flow": 0.22000000000000003,
        "flow_hit_rate_post_1e3": 0.0008912506095817849,
        "inert_bundles": 0,
        "max_protected_abs_delta": 0.0,
        "median_p_shrink": 0.09697983980188059,
        "multiplier": 1.1
      }
    ]
  }
}
