{
  "cases": {
    "intraop025": {
      "base_metrics": {
        "auc_main_vs_bg": 0.4970155483791008,
        "auc_main_vs_nuisance": 0.41466731423020886,
        "fpr_nuisance_match@0p5": 0.6344827586206897
      },
      "base_profile": "Brain-SIMUS-Clin",
      "profiles": {
        "Brain-SIMUS-Clin": {
          "auc_main_vs_bg": 0.4970155483791008,
          "auc_main_vs_nuisance": 0.41466731423020886,
          "delta_auc_main_vs_bg": 0.0,
          "delta_auc_main_vs_nuisance": 0.0,
          "delta_fpr_nuisance_match@0p5": 0.0,
          "fpr_nuisance_match@0p5": 0.6344827586206897
        },
        "Brain-SIMUS-Clin-MotionLong-v0": {
          "auc_main_vs_bg": 0.42659389008799603,
          "auc_main_vs_nuisance": 0.3553181155900923,
          "delta_auc_main_vs_bg": -0.07042165829110475,
          "delta_auc_main_vs_nuisance": -0.05934919864011656,
          "delta_fpr_nuisance_match@0p5": 0.08620689655172409,
          "fpr_nuisance_match@0p5": 0.7206896551724138
        },
        "Brain-SIMUS-Clin-MotionRobust-v0": {
          "auc_main_vs_bg": 0.5944849321731485,
          "auc_main_vs_nuisance": 0.5434191355026712,
          "delta_auc_main_vs_bg": 0.09746938379404768,
          "delta_auc_main_vs_nuisance": 0.12875182127246232,
          "delta_fpr_nuisance_match@0p5": -0.17586206896551732,
          "fpr_nuisance_match@0p5": 0.4586206896551724
        },
        "Brain-SIMUS-Clin-MotionShort-v0": {
          "auc_main_vs_bg": 0.5983352937370752,
          "auc_main_vs_nuisance": 0.5526145378015218,
          "delta_auc_main_vs_bg": 0.10131974535797439,
          "delta_auc_main_vs_nuisance": 0.13794722357131295,
          "delta_fpr_nuisance_match@0p5": -0.21034482758620693,
          "fpr_nuisance_match@0p5": 0.4241379310344828
        },
        "Brain-SIMUS-Clin-MotionWide-v0": {
          "auc_main_vs_bg": 0.4970155483791008,
          "auc_main_vs_nuisance": 0.41466731423020886,
          "delta_auc_main_vs_bg": 0.0,
          "delta_auc_main_vs_nuisance": 0.0,
          "delta_fpr_nuisance_match@0p5": 0.0,
          "fpr_nuisance_match@0p5": 0.6344827586206897
        }
      }
    },
    "intraop05": {
      "base_metrics": {
        "auc_main_vs_bg": 0.4930334539195993,
        "auc_main_vs_nuisance": 0.37501214181641573,
        "fpr_nuisance_match@0p5": 0.6655172413793103
      },
      "base_profile": "Brain-SIMUS-Clin",
      "profiles": {
        "Brain-SIMUS-Clin": {
          "auc_main_vs_bg": 0.4930334539195993,
          "auc_main_vs_nuisance": 0.37501214181641573,
          "delta_auc_main_vs_bg": 0.0,
          "delta_auc_main_vs_nuisance": 0.0,
          "delta_fpr_nuisance_match@0p5": 0.0,
          "fpr_nuisance_match@0p5": 0.6655172413793103
        },
        "Brain-SIMUS-Clin-MotionLong-v0": {
          "auc_main_vs_bg": 0.45990886655925367,
          "auc_main_vs_nuisance": 0.4749635745507528,
          "delta_auc_main_vs_bg": -0.033124587360345625,
          "delta_auc_main_vs_nuisance": 0.09995143273433704,
          "delta_fpr_nuisance_match@0p5": -0.11379310344827587,
          "fpr_nuisance_match@0p5": 0.5517241379310345
        },
        "Brain-SIMUS-Clin-MotionRobust-v0": {
          "auc_main_vs_bg": 0.5851088043563835,
          "auc_main_vs_nuisance": 0.39910150558523555,
          "delta_auc_main_vs_bg": 0.09207535043678416,
          "delta_auc_main_vs_nuisance": 0.024089363768819816,
          "delta_fpr_nuisance_match@0p5": -0.017241379310344862,
          "fpr_nuisance_match@0p5": 0.6482758620689655
        },
        "Brain-SIMUS-Clin-MotionShort-v0": {
          "auc_main_vs_bg": 0.5843028172911507,
          "auc_main_vs_nuisance": 0.41172899465760077,
          "delta_auc_main_vs_bg": 0.09126936337155145,
          "delta_auc_main_vs_nuisance": 0.03671685284118503,
          "delta_fpr_nuisance_match@0p5": -0.03448275862068961,
          "fpr_nuisance_match@0p5": 0.6310344827586207
        },
        "Brain-SIMUS-Clin-MotionWide-v0": {
          "auc_main_vs_bg": 0.4930334539195993,
          "auc_main_vs_nuisance": 0.37501214181641573,
          "delta_auc_main_vs_bg": 0.0,
          "delta_auc_main_vs_nuisance": 0.0,
          "delta_fpr_nuisance_match@0p5": 0.0,
          "fpr_nuisance_match@0p5": 0.6655172413793103
        }
      }
    },
    "intraop1": {
      "base_metrics": {
        "auc_main_vs_bg": 0.46022475268902696,
        "auc_main_vs_nuisance": 0.34398575360207223,
        "fpr_nuisance_match@0p5": 0.7137931034482758
      },
      "base_profile": "Brain-SIMUS-Clin",
      "profiles": {
        "Brain-SIMUS-Clin": {
          "auc_main_vs_bg": 0.46022475268902696,
          "auc_main_vs_nuisance": 0.34398575360207223,
          "delta_auc_main_vs_bg": 0.0,
          "delta_auc_main_vs_nuisance": 0.0,
          "delta_fpr_nuisance_match@0p5": 0.0,
          "fpr_nuisance_match@0p5": 0.7137931034482758
        },
        "Brain-SIMUS-Clin-MotionLong-v0": {
          "auc_main_vs_bg": 0.387722552593774,
          "auc_main_vs_nuisance": 0.3726323457989315,
          "delta_auc_main_vs_bg": -0.07250220009525299,
          "delta_auc_main_vs_nuisance": 0.028646592196859277,
          "delta_fpr_nuisance_match@0p5": -0.05862068965517242,
          "fpr_nuisance_match@0p5": 0.6551724137931034
        },
        "Brain-SIMUS-Clin-MotionRobust-v0": {
          "auc_main_vs_bg": 0.5669320032208304,
          "auc_main_vs_nuisance": 0.4119718309859155,
          "delta_auc_main_vs_bg": 0.10670725053180341,
          "delta_auc_main_vs_nuisance": 0.06798607738384327,
          "delta_fpr_nuisance_match@0p5": -0.10689655172413792,
          "fpr_nuisance_match@0p5": 0.6068965517241379
        },
        "Brain-SIMUS-Clin-MotionShort-v0": {
          "auc_main_vs_bg": 0.5678887231184996,
          "auc_main_vs_nuisance": 0.4211672332847661,
          "delta_auc_main_vs_bg": 0.10766397042947262,
          "delta_auc_main_vs_nuisance": 0.07718147968269384,
          "delta_fpr_nuisance_match@0p5": -0.13103448275862062,
          "fpr_nuisance_match@0p5": 0.5827586206896552
        },
        "Brain-SIMUS-Clin-MotionWide-v0": {
          "auc_main_vs_bg": 0.46022475268902696,
          "auc_main_vs_nuisance": 0.34398575360207223,
          "delta_auc_main_vs_bg": 0.0,
          "delta_auc_main_vs_nuisance": 0.0,
          "delta_fpr_nuisance_match@0p5": 0.0,
          "fpr_nuisance_match@0p5": 0.7137931034482758
        }
      }
    },
    "mobile025": {
      "base_metrics": {
        "auc_main_vs_bg": 0.4957936088499562,
        "auc_main_vs_nuisance": 0.4506097890022125,
        "fpr_nuisance_match@0p5": 0.5660919540229885
      },
      "base_profile": "Brain-SIMUS-Clin",
      "profiles": {
        "Brain-SIMUS-Clin": {
          "auc_main_vs_bg": 0.4957936088499562,
          "auc_main_vs_nuisance": 0.4506097890022125,
          "delta_auc_main_vs_bg": 0.0,
          "delta_auc_main_vs_nuisance": 0.0,
          "delta_fpr_nuisance_match@0p5": 0.0,
          "fpr_nuisance_match@0p5": 0.5660919540229885
        },
        "Brain-SIMUS-Clin-MotionLong-v0": {
          "auc_main_vs_bg": 0.45888783918297543,
          "auc_main_vs_nuisance": 0.515184015973234,
          "delta_auc_main_vs_bg": -0.03690576966698078,
          "delta_auc_main_vs_nuisance": 0.06457422697102155,
          "delta_fpr_nuisance_match@0p5": -0.09482758620689657,
          "fpr_nuisance_match@0p5": 0.47126436781609193
        },
        "Brain-SIMUS-Clin-MotionRobust-v0": {
          "auc_main_vs_bg": 0.5183428313530527,
          "auc_main_vs_nuisance": 0.5651340996168582,
          "delta_auc_main_vs_bg": 0.02254922250309649,
          "delta_auc_main_vs_nuisance": 0.11452431061464574,
          "delta_fpr_nuisance_match@0p5": -0.16091954022988508,
          "fpr_nuisance_match@0p5": 0.4051724137931034
        },
        "Brain-SIMUS-Clin-MotionShort-v0": {
          "auc_main_vs_bg": 0.5253620900787981,
          "auc_main_vs_nuisance": 0.569410717176623,