{
  "weights": [
    0.23817680788627008,
    -0.1737456934577475,
    0.024357257285173392,
    -1.469089704685189
  ],
  "bias": 3.282816494353238,
  "mean": [
    0.13508399258763776,
    0.0723647833867069,
    0.5418410041840943,
    0.04926136363636364
  ],
  "std": [
    0.07829984111083638,
    1.200900235706734,
    0.2657233201992331,
    0.21641321976500738
  ],
  "feature_names": [
    "pd_stap",
    "m_alias",
    "depth_frac",
    "geom_flow_mask"
  ]
}