{
  "weights": [
    1.1644204342806261,
    -0.9283688151517229,
    0.07501789958781067
  ],
  "bias": 3.170502356704427,
  "mean": [
    0.13508399258763776,
    0.0723647833867069,
    0.5418410041840943
  ],
  "std": [
    0.07829984111083638,
    1.200900235706734,
    0.2657233201992331
  ],
  "feature_names": [
    "pd_stap",
    "m_alias",
    "depth_frac"
  ]
}